{
  "train": {
    "ndcg@10": [
      0.13163273680745746,
      0.42802916739088065,
      0.5043444044649837,
      0.5506913026556558,
      0.564317288093216,
      0.575163197282101,
      0.5846431362416542,
      0.5879471351165156,
      0.5903547524736793,
      0.5871394440945114,
      0.5909986561436267,
      0.5896933031216461,
      0.5945462300566707,
      0.5952936842060981,
      0.5952936842060981,
      0.5958515830786516,
      0.600735807359092,
      0.6097375206866175,
      0.6097375206866175,
      0.6097375206866175,
      0.6097375206866176,
      0.6097375206866176,
      0.6097375206866177,
      0.6097375206866177,
      0.6097375206866176,
      0.6097375206866176,
      0.6097375206866176,
      0.6097375206866176,
      0.6097375206866175,
      0.6097375206866177,
      0.6097375206866177,
      0.6097375206866177,
      0.6097375206866176,
      0.6097375206866176,
      0.6097375206866176,
      0.6097375206866177,
      0.6097375206866176,
      0.6097375206866177,
      0.6097375206866177,
      0.6097375206866176,
      0.6097375206866176,
      0.6097375206866176,
      0.6097375206866176,
      0.6097375206866176,
      0.6097375206866176,
      0.6097375206866176,
      0.6097375206866176,
      0.6097375206866176,
      0.6097375206866177,
      0.6097375206866176,
      0.6097375206866175,
      0.6097375206866177
    ]
  },
  "val": {
    "ndcg@10": [
      0.0,
      0.12607752793041288,
      0.0715348859255832,
      0.05974883479745485,
      0.10651564217215916,
      0.0717331660288989,
      0.08603587548701694,
      0.1212121212121212,
      0.1212121212121212,
      0.1212121212121212,
      0.12607752793041288,
      0.12607752793041288,
      0.12329156246436565,
      0.1212121212121212,
      0.1212121212121212,
      0.12329156246436565,
      0.12607752793041288,
      0.0897397218799527,
      0.0897397218799527,
      0.11880430792035336,
      0.09252568734599992,
      0.11880430792035336,
      0.09252568734599992,
      0.12278828526933987,
      0.09650966469498642,
      0.09650966469498642,
      0.09252568734599992,
      0.09252568734599992,
      0.09252568734599992,
      0.0897397218799527,
      0.09252568734599992,
      0.09650966469498642,
      0.09650966469498642,
      0.09650966469498642,
      0.09650966469498642,
      0.1028117957792234,
      0.1028117957792234,
      0.1028117957792234,
      0.1028117957792234,
      0.1028117957792234,
      0.09650966469498642,
      0.09650966469498642,
      0.09252568734599992,
      0.07432085139163043,
      0.07432085139163043,
      0.07432085139163043,
      0.07432085139163043,
      0.07432085139163043,
      0.11088558039920736,
      0.11880430792035336,
      0.09252568734599992,
      0.08460695982485392
    ]
  }
}